id,name,text,trans
3:title:1,,一ノ瀬怜 1話 増やしたい思い出,一之濑怜 第1话 想要增加的回忆
15:text:1,{user},今日は午前中から打ち合わせだが,因为今天上午要开的会议
16:text:1,{user},朝早いから起きるのは大変だったんじゃないか？,弄得起得这么早，会不会有点难受？
26:text:1,一ノ瀬怜,確かに早起きは苦手ですけど……大丈夫です,虽然我的确不擅长早起……不过没关系
27:text:1,一ノ瀬怜,私も今日の打ち合わせは楽しみにしていましたから,毕竟我也很期待今天的会议
36:text:1,一ノ瀬怜,ここのテーマパークが大好きで、誕生日の企画でも,我特别喜欢这里的主题乐园，生日企划的时候
37:text:1,一ノ瀬怜,お世話になったので、またオファーがきて嬉しいんです,也承蒙这里关照，所以很开心能再次收到邀约
43:text:1,一ノ瀬怜,しかも、テーマパーク内にある公式ホテルで,而且，竟然是要在主题乐园内的官方酒店
44:text:1,一ノ瀬怜,打ち合わせをするなんて、興奮して目も覚めますよ,开会什么的，激动的一大早就醒来了
50:text:1,{user},凄いやる気だ,真是干劲十足啊
51:text:1,{user},怜はこのテーマパークに相当思い入れがあるみたいだな,看来怜对这座主题乐园相当有感情啊
57:text:1,一ノ瀬怜,私がダンスを習い始めたきっかけが、テーマパークの,我以前也有说过的吧，我之所以开始学跳舞
58:text:1,一ノ瀬怜,パレードに感動したからだって話は以前しましたよね,就是因为被主题乐园的游行表演感动了
65:text:1,一ノ瀬怜,ここがそのパレードを見た,这里就是我看到那场游行表演的
66:text:1,一ノ瀬怜,思い出のテーマパークなんです,充满回忆的主题乐园哦
73:text:1,一ノ瀬怜,小さい頃に家族とよく遊びに来ていた場所だから,毕竟这是我小时候就经常和家人一起来玩的地方
74:text:1,一ノ瀬怜,こうしてお仕事でまた関われるのが嬉しくて……,能像这样因为工作而再次与这里产生联系，我很开心……
80:text:1,一ノ瀬怜,宣伝大使に任命されたからには,既然被任命为了宣传大使
81:text:1,一ノ瀬怜,プロモーション活動、精一杯頑張ります,那么宣传活动，我会全力以赴的
89:text:1,一ノ瀬怜,ところで、{user}さん？,话说回来，{user}桑？
90:text:1,一ノ瀬怜,せっかくここまで来たんですから,难得有机会再来这里
95:text:1,一ノ瀬怜,打ち合わせが終わった後,在会议结束之后
96:text:1,一ノ瀬怜,帰りにテーマパークに寄って遊んでもいいですよね？,回去的路上顺便去主题乐园玩玩也可以吧？
102:text:1,{user},あぁ、先方からのご厚意で、俺達は今日一日,啊，承蒙对方的好意，据说我们今天一整天
103:text:1,{user},アトラクションを乗り放題にしてくれるそうだ,都可以无限次乘坐游乐设施哦
114:text:1,一ノ瀬怜,乗り放題！　やったぁ！　あっ、いけない……,无限次乘坐！太好了！啊，不对……
115:text:1,一ノ瀬怜,そ、そうですよね。私は宣伝大使ですから……,也，也是啊。我可是宣传大使……
122:text:1,一ノ瀬怜,テーマパークのアトラクションを,事先考察一下主题乐园的
123:text:1,一ノ瀬怜,しっかり下見しておくのは大事なことですよね,游乐设施还是很重要的对吧
127:text:1,{user},そうだな。大事なことだから、今日はこの後,是啊。毕竟这很重要呢，所以今天接下来
128:text:1,{user},仕事は入れていないぞ。これでたっぷり楽しめるな,都不会有工作安排哦。这样就能尽情享受了
134:text:1,一ノ瀬怜,はい！　もちろん{user}さんも,嗯！当然{user}桑
135:text:1,一ノ瀬怜,下見に付き合ってくれますよね？,也会陪我一起考察的吧？
141:text:1,一ノ瀬怜,ふふ……。また一つ、このテーマパークの,呵呵……看来又能多一个
142:text:1,一ノ瀬怜,楽しい思い出が増えそうです,关于这座主题乐园的快乐回忆了
156:text:1,一ノ瀬怜,打ち合わせも無事に終わりましたし,会议也顺利结束了
157:text:1,一ノ瀬怜,ここからはテーマパークを遊び倒しますよ,接下来就彻底逛逛这座主题乐园吧
167:text:1,一ノ瀬怜,まずはどのアトラクションに乗りましょうか,第一站该坐哪个游乐设施呢
168:text:1,一ノ瀬怜,乗り放題ですから沢山乗りたいですよね,都无限次乘坐了，果然还是想多体验一些呢
178:text:1,{user},怜がこんなにはしゃぐなんて……久しぶりに,怜居然这么兴奋……看来是真的
179:text:1,{user},テーマパークで遊べるのが、よほど嬉しいんだな,对能久违的在主题乐园玩而感到开心啊
187:text:1,一ノ瀬怜,決めました。まずは定番のジェットコースターからです,想好了。先从经典的过山车开始吧
188:text:1,一ノ瀬怜,さあ、一緒に行きましょう！,好了，一起过去吧！
192:text:1,{user},え？　俺もジェットコースターに乗るのか？,欸？我也要坐过山车吗？
193:text:1,{user},いや、ここは怜一人で楽しんで……,不了吧，这个还是怜自己享受就……
201:text:1,一ノ瀬怜,何遠慮してるんですか,这是在客气什么呢
202:text:1,一ノ瀬怜,せっかく乗り放題なんですから、楽しまないと損ですよ,难得可以无限次乘坐，不体验一下就亏了哦
206:text:1,{user},絶叫系はあまり得意じゃないんだが……,我不太擅长刺激类的项目啊……
207:text:1,{user},仕方ない、怜がそこまで言うなら……,没办法，既然怜都说到这个份上了……
215:text:1,{user},う、うう……,呜、呜呜……
216:text:1,{user},まだ地面が揺れている気がする……,感觉地面还在晃啊……
223:text:1,一ノ瀬怜,まったく。ジェットコースターをはしごしたくらいで,真是的。只不过是连着坐了几种过山车
224:text:1,一ノ瀬怜,フラフラになるなんて、だらしないですよ,就晕头转向的，也太不争气了吧
228:text:1,{user},ジェットコースターのはしごは普通にきついと思うが,但连着坐好几种过山车一般都会觉得很难受的吧
229:text:1,{user},……怜は楽しそうだな,……怜倒是玩得很开心啊
236:text:1,一ノ瀬怜,はい、楽しかったです,是的，玩得很开心
237:text:1,一ノ瀬怜,ジェットコースターのドキドキする感じはもちろん……,不光是过山车那种让人心跳加速的感觉……
243:text:1,一ノ瀬怜,隣の席で悲鳴を上げる{user}さんの,还有坐在旁边尖叫的{user}桑
244:text:1,一ノ瀬怜,顔を見るのも面白かったですよ,的表情也十分有趣哦
250:text:1,{user},せっかくジェットコースターに乗っているのに,都难得有机会坐过山车
251:text:1,{user},俺の顔なんて別に見なくてもいいだろ……,也不用特意注意我的表情吧……
256:text:1,一ノ瀬怜,ほら、休んでる暇はありませんよ,好啦，时间不等人
257:text:1,一ノ瀬怜,今日はテーマパークを遊び尽くすんですから,今天可得把整个主题乐园给玩个遍
272:text:1,一ノ瀬怜,じゃあ、次は絶叫系じゃない乗り物で……,那么，接下来就坐不是刺激项目的……
273:text:1,一ノ瀬怜,コーヒーカップに乗りましょう,啊，去坐咖啡杯吧
277:text:1,{user},コーヒーカップか……,咖啡杯吗……
278:text:1,{user},それなら、勢いよく回さなければ大丈夫かな,那只要不使劲转应该就没事吧
288:text:1,一ノ瀬怜,決まりですね！,那就这么定了！
289:text:1,一ノ瀬怜,コーヒーカップはこっちです、さあ一緒に行きましょう,咖啡杯在这边，好了，我们一起过去吧
297:text:1,{user},う、うう……,呜、呜呜……
298:text:1,{user},勢いよく回さないって言ったじゃないか……,不是说好不使劲转的吗……
307:text:1,一ノ瀬怜,すみません……,对不起……
308:text:1,一ノ瀬怜,楽し過ぎてついテンションが上がってしまいました,实在是太好玩了，不知不觉就嗨起来了
312:text:1,{user},俺とコーヒーカップに乗ったくらいで,不过是和我一起坐了咖啡杯而已
313:text:1,{user},どうしてそこまでテンションが上がるのか不思議だよ,怎么会兴奋到那种程度啊，真是不可思议
322:text:1,一ノ瀬怜,そう言われると自分でも不思議ですけど,被你这么一说，我自己也觉得有点不可思议
323:text:1,一ノ瀬怜,家族や友達とはまた違う喜びがあると言うか……,是该说是有着不同于和家人或朋友的喜悦感吗……
329:text:1,一ノ瀬怜,{user}さんと一緒に,能和{user}桑一起
330:text:1,一ノ瀬怜,大好きなテーマパークで遊べるのが凄く楽しいんです,在最喜欢的主题乐园里玩，真的非常开心
338:text:1,一ノ瀬怜,こんなに楽しい気分なら、今日こそいけるかも……,既然都有这么开心的氛围了，今天或许，可以试试看……
346:text:1,一ノ瀬怜,実はこのテーマパークで,其实在这个主题乐园里
347:text:1,一ノ瀬怜,まだ一度も体験していないアトラクションがあって……,有一个我一次都还没体验过的游乐设施……
352:text:1,一ノ瀬怜,今ならいけそうな気がするので,现在的话我觉得应该可以尝试一下
353:text:1,一ノ瀬怜,一緒に来てもらえませんか？,能陪我一起去吗？
359:text:1,{user},行くのは構わないが,陪你去倒是没问题
360:text:1,{user},一体なんのアトラクションなんだ？,但到底是什么游乐设施啊？
368:text:1,一ノ瀬怜,それは……,那个嘛……
369:text:1,一ノ瀬怜,お化け屋敷です,是鬼屋
373:text:1,{user},なるほど、お化け屋敷……。怜、ちょっといいか？,原来如此，鬼屋……。怜，能不能回答我一下？
375:text:1,{user},さっきから俺が悲鳴を上げるのを見て楽しんでないか？,该不会从刚才起，就一直拿我的惨叫当乐子吧？
info,adv_card_rei_17_01.txt,a9327d3b09fe69474486a24e3f7ed4c0f3ab775a2553f1f7c0c126210c86bd7e,
译者,翻译：sky-yixuan,,