id,name,text,trans
4:title:1,,兵藤雫 2話 ドルオタの名に懸けて,兵藤雫 第2话 以偶像宅之名
15:text:1,兵藤雫,という訳で、かっこ良くなるために,所以说，为了变得帅气
16:text:1,兵藤雫,今日から特訓する……！,从今天开始特训……！
29:text:1,兵藤雫,……ところで、特訓って何をすればいい？,……话说回来，特训要做什么好呢？
34:text:1,{user},俺に聞かれても困るが……そうだな……,你问我我也很为难……我想想……
35:text:1,{user},かっこいい言葉を言ってみるのはどうだ？,试着说些帅气的台词怎么样？
39:text:1,{user},そういうセリフを言う時は,说那种台词的时候
40:text:1,{user},自然と顔つきもかっこ良くなるんじゃないか？,表情不也会自然而然地变得帅气吗？
49:text:1,兵藤雫,分かった、やってみる……！,明白了，我试试看……！
58:text:1,兵藤雫,――初めての挫折を、私達が味わわせてあげる,――初次品尝的挫折，就由我们来让你体会吧
62:text:1,兵藤雫,……キリッ！,……帅气！
69:text:1,兵藤雫,……どう、かな？,……怎么样？
74:text:1,{user},なんというか……微妙だな……,怎么说呢……有点微妙啊……
75:text:1,{user},もしかして、今のは莉央さんの真似か？,难道说，刚才那个是莉央小姐的模仿？
83:text:1,兵藤雫,そう。莉央さんをイメージしてみた……,是的。我试着想象了莉央小姐……
84:text:1,兵藤雫,かっこいいと言えば、リズノワだから……,说到帅气，就是LizNoir嘛……
86:text:1,{user},なるほど、アイドル好きな雫らしいな,原来如此，真像是喜欢偶像的雫会做的
87:text:1,{user},でもここは別の言葉にした方がいいんじゃないか？,不过这里还是换个别的台词比较好吧？
96:text:1,兵藤雫,分かった。違う言葉にする……,明白了。我换别的台词……
97:text:1,兵藤雫,それじゃあ……,那么……
105:text:1,兵藤雫,――僕はカニカマとずるいことは嫌いなんだ,――我讨厌蟹肉棒和耍花招的事
106:text:1,兵藤雫,……キリッ！,……帅气！
113:text:1,兵藤雫,……どう、かな？,……怎么样？
115:text:1,{user},葵の真似になっただけじゃないか,这不就变成葵的模仿了吗
116:text:1,{user},それに、いちいちキメ顔しないといけないのか？,而且，还得每次都摆出那种耍帅的表情吗？
124:text:1,兵藤雫,これもダメ……？　難しい……,这样也不行……？好难……
134:text:1,兵藤雫,そもそも、かっこいいって何……？,说到底，帅气到底是什么……？
135:text:1,兵藤雫,見た目……？　仕草……？　雰囲気……？,外表……？举止……？气质……？
140:text:1,兵藤雫,それが分からないと、特訓にならない……,连这个都搞不懂的话，就没法特训了……
141:text:1,兵藤雫,もっと勉強しないと……,得再多学习才行……
151:text:1,兵藤雫,でも、勉強するって……一体どうしたら……,可是，说到学习……到底该怎么做……
152:text:1,兵藤雫,……はっ！,……哈！
166:text:1,兵藤雫,そういう人を観察して極意を学ぶ……,观察那样的人，学习其中的诀窍……
167:text:1,兵藤雫,うん、それがいい……ちょっと観察して来る……！,嗯，就这么办……我去稍微观察一下……！
169:text:1,{user},えっ、雫！？,诶，雫！？
171:text:1,{user},……観察するって、何をするつもりだ？,……说是观察，你打算做什么？
181:text:1,{user},雫のやつ、どこに行ったんだ？,雫那家伙，跑哪去了？
182:text:1,{user},……ん？　あれはスリクスか？,……嗯？那是IIIX吗？
192:text:1,{user},これから出かけるみたいだな,看来她们正准备出门
193:text:1,{user},そして、三人の後ろをこそこそ歩いているのは……,然后，在三人身后鬼鬼祟祟跟着的是……
202:text:1,兵藤雫,……はっ！　{user}さん……！,……哈！{user}先生……！
208:text:1,{user},雫？　そこで何をしているんだ？,雫？你在那儿做什么？
216:text:1,兵藤雫,今は話し掛けないで……,现在别跟我说话……
217:text:1,兵藤雫,尾行してるのがバレる,会被发现我在尾随的
231:text:1,兵藤雫,私はどうしても、かっこ良さの秘訣を知りたい,我无论如何都想知道帅气的秘诀
232:text:1,兵藤雫,だからスリクスを観察してる……,所以在观察IIIX……
236:text:1,{user},それなら直接話を聞けばいいじゃないか,那直接去问她们不就好了
245:text:1,兵藤雫,無理。スリクスは憧れの存在……,不行。IIIX是我憧憬的存在……
246:text:1,兵藤雫,目が合っただけで緊張する……,光是眼神对上就好紧张……
259:text:1,兵藤雫,だから隠れて観察してる……,所以我才会躲起来观察……
260:text:1,兵藤雫,先輩の仕事を見て、技術を盗む……それがプロ……！,看前辈工作，偷学技术……这才是专业人士……！
262:text:1,{user},職人っぽいことを言っているが,虽然说得像匠人一样
263:text:1,{user},話し掛ける度胸がないだけだよな？,但其实只是没胆量搭话吧？
270:text:1,兵藤雫,私は尾行中だから、もう行く……,我正在尾随，先走了……
274:text:1,兵藤雫,それじゃ……,那么……
283:text:1,{user},ちょっと待った,等一下
284:text:1,{user},実はさっき、franさんからメッセージがきたんだ,其实刚才，fran小姐发来了消息
286:text:1,{user},「変な子にストーカー行為されてるから,「有个奇怪的女孩在跟踪我
287:text:1,{user},マネージャーならなんとかして」って……,既然是经纪人就想办法处理一下」……
296:text:1,兵藤雫,えっ、尾行がバレてた？,诶，尾随被发现了？
297:text:1,兵藤雫,しかも、変な子って……,而且，奇怪的女孩……
301:text:1,{user},とりあえず、ストーキングするのは迷惑だから,总之，跟踪会给人添麻烦
302:text:1,{user},やめるように,别再做了
309:text:1,兵藤雫,うぅ……分かった……,呜……我知道了……
310:text:1,兵藤雫,でも、どうしよう……,但是，该怎么办……
317:text:1,兵藤雫,かっこ良さの秘訣……分からなかった……,帅气的秘诀……没搞明白……
318:text:1,兵藤雫,このままじゃ、今度の撮影は失敗するかも,这样下去，下次拍摄可能会失败
328:text:1,兵藤雫,きっと私だけリテイクの嵐……現場は大混乱……,肯定只有我不断重拍……现场一片混乱……
329:text:1,兵藤雫,franさんや莉央さんにも嫌われる……あわわわ,还会被fran小姐和莉央小姐讨厌……啊哇哇哇
336:text:1,{user},なぁ、雫。思うんだが……,我说，雫。我觉得……
337:text:1,{user},魅力っていうのは人それぞれ違うんじゃないか？,魅力这种东西，不是因人而异的吗？
339:text:1,{user},人を真似るんじゃなくて,不是去模仿别人
340:text:1,{user},自分らしいかっこ良さを見つけるんだ,去寻找属于自己的帅气吧
349:text:1,兵藤雫,無理だと思う。私にかっこ良さなんてない……,我觉得不可能。我身上哪有什么帅气……
351:text:1,{user},いいや、雫は気付いていないだけだ,不，雫只是还没察觉到而已
352:text:1,{user},雫はアイドルの魅力を見つけるのが得意だろ？,雫不是很擅长发现偶像的魅力吗？
359:text:1,{user},俺と一緒に、兵藤雫というアイドルの,要不要和我一起，把兵藤雫这个偶像的
360:text:1,{user},かっこ良さを見つけてみないか？,帅气找出来？
364:text:1,兵藤雫,私のかっこ良さを……見つける……？,我的帅气……找出来……？
376:text:1,兵藤雫,……うん。分かった、やってみる,……嗯。我知道了，我试试看
377:text:1,兵藤雫,私は今まで……沢山のアイドルを分析してきた……,我至今为止……分析过许多偶像……
387:text:1,兵藤雫,ドルオタの名に懸けて……,以偶像宅之名起誓……
388:text:1,兵藤雫,アイドル兵藤雫のかっこ良さ……見つけてみせる……！,偶像兵藤雫的帅气……我一定会找出来……！
info,adv_card_szk_04_02.txt,9546dde98639d53d71777e0b362ee8ef624a2928c38a87ade41e1e768888abe8,
译者,,,
